entry_month,trades,net,gross_profit,gross_loss,win_rate,profit_factor,avg,avg_win,avg_loss,largest_win,largest_loss,win_count,loss_count
2026-03,3.0,-0.52,0.31,-0.83,33.33333333333333,0.3734939759036145,-0.17333333333333334,0.31,-0.415,0.31,-0.61,1.0,2.0
2026-05,1.0,0.03,0.03,0,100.0,0.0,0.03,0.03,0.0,0.03,0.0,1.0,0.0
2026-01,1.0,0.04,0.04,0,100.0,0.0,0.04,0.04,0.0,0.04,0.0,1.0,0.0
2026-04,4.0,1.64,2.05,-0.41,75.0,5.0,0.41,0.6833333333333332,-0.41,1.15,-0.41,3.0,1.0
