side,exit_reason,trades,net,gross_profit,gross_loss,win_rate,profit_factor,avg,avg_win,avg_loss,largest_win,largest_loss,win_count,loss_count
sell,manual/exit_loss,33.0,-36.2,0,-36.2,0.0,0.0,-1.0969696969696972,0.0,-1.0969696969696972,0.0,-1.68,0.0,33.0
sell,sl,43.0,-7.03,6.35,-13.379999999999999,69.76744186046511,0.47458893871449925,-0.16348837209302325,0.21166666666666664,-1.0292307692307692,0.5,-1.6,30.0,13.0
sell,manual/exit_profit,1.0,0.12,0.12,0,100.0,0.0,0.12,0.12,0.0,0.12,0.0,1.0,0.0
sell,tp,38.0,42.28,42.28,0,100.0,0.0,1.1126315789473684,1.1126315789473684,0.0,1.82,0.0,38.0,0.0
