engine,trades,net,gross_profit,gross_loss,win_rate,profit_factor,avg,avg_win,avg_loss,largest_win,largest_loss,win_count,loss_count
TPL,156.0,-23.25,128.74,-151.99,52.56410256410257,0.8470294098295941,-0.14903846153846154,1.57,-2.082054794520548,3.52,-3.27,82.0,73.0
CBK,8.0,-3.5,3.7,-7.2,50.0,0.513888888888889,-0.4375,0.925,-1.8,2.37,-2.58,4.0,4.0
