exit_reason,trades,net,gross_profit,gross_loss,win_rate,profit_factor,avg,avg_win,avg_loss,largest_win,largest_loss,win_count,loss_count
manual/exit_loss,5.0,-3.34,0,-3.34,0.0,0.0,-0.6679999999999999,0.0,-0.6679999999999999,0.0,-1.19,0.0,5.0
sl,2.0,-0.06999999999999999,0.02,-0.09,50.0,0.22222222222222224,-0.034999999999999996,0.02,-0.09,0.02,-0.09,1.0,1.0
tp,1.0,0.8,0.8,0,100.0,0.0,0.8,0.8,0.0,0.8,0.0,1.0,0.0
